time_px,theoretical_px
0.0488142500000000035,0.00277613477429096986
0.0687307500000000071,0.00331030783931776824
0.0747037499999999993,0.00388908849212940685
0.0847074999999999911,0.00549458312456497545
0.0987145000000000106,0.00733773382459786735
0.107682250000000007,0.00787875483005180677
0.111660000000000009,0.0084458241910043818
0.115661249999999993,0.00903323471403647514
0.119664500000000007,0.00964086710565726333
0.128663749999999993,0.0120089609835877433
0.142658000000000007,0.0146212925500292367
0.15165975000000001,0.015389823140436262
0.155672000000000005,0.0161795197344109451
0.159697749999999999,0.0169937728381079033
0.16375075,0.017835344268165923
0.167766499999999985,0.0186742690404915201
0.176706000000000002,0.021862733877149966
0.190660500000000011,0.0253126341108936698
0.199660500000000019,0.0263208976724095718
0.203664499999999998,0.0273471105155084077
0.207660999999999984,0.0283914194647235454
0.211660249999999994,0.0294590143168285794
0.220662499999999984,0.0334346959399864571
0.234659500000000021,0.0376535987888959728
0.244662500000000005,0.0395107408765433959
0.250675749999999975,0.0414144196406622325
0.255700000000000038,0.0427110044732304517
0.259745000000000004,0.044035839907032033
0.268792750000000025,0.0488660671237481845
0.282775749999999992,0.0539001083231359854
0.291698499999999972,0.0553354060629472136
0.295657249999999983,0.056820516840786213
0.299657000000000007,0.0583257750643819198
0.30365700000000001,0.059850995071679354
0.307657000000000014,0.0613961768626785087
0.316656999999999966,0.0670488449815216103
0.330657250000000014,0.0729462642985877069
0.339658499999999974,0.0746520052795838079
0.343660750000000015,0.0763779461153759331
0.347666750000000024,0.0781269621758332311
0.351693000000000033,0.0799109848080873653
0.360750750000000009,0.0863677166373219979
0.374766749999999982,0.0930157210132204065
0.383708999999999967,0.0949041641552157283
0.387668750000000006,0.0968459528984914331
0.391661499999999996,0.0988059122939170947
0.39565724999999996,0.100790503864518044
0.400662750000000012,0.10381729940769284
0.411693250000000011,0.112221492705236098
0.426736000000000004,0.119816107216789342
0.435728250000000039,0.121972720267827808
0.43968375000000004,0.124155465252793765
0.443670500000000023,0.126386116942598659
0.44771475000000005,0.128673362929143803
0.456749249999999996,0.136768556306852002
0.470710249999999997,0.145069377054924842
0.479672749999999981,0.147470278859524156
0.483664250000000018,0.149886210669893966
0.48765799999999998,0.152329677717916501
0.491657750000000004,0.154792796126125731
0.500657249999999943,0.163658994759685511
0.514657249999999955,0.172770376032985035
0.523657749999999922,0.175393827024710708
0.52765799999999996,0.178036911909750462
0.531655999999999906,0.180697275590001288
0.535657749999999933,0.183385332182603389
0.539673999999999987,0.186105339099356226
0.548717750000000004,0.1958551888990131
0.562741000000000047,0.205794586110245925
0.572312500000000002,0.209494650208246425
0.57788924999999991,0.213838771359769253
0.583271749999999978,0.217324271431080934
0.587656999999999985,0.220266778081200598
0.596656999999999993,0.230810083206965472
0.61065725000000004,0.241598314196560693
0.619657750000000007,0.244700907882478863
0.623658750000000039,0.24782425387772114
0.627659250000000002,0.250965995578941281
0.631662249999999981,0.254133262727690878
0.640688499999999994,0.265483219035202944
0.654744500000000063,0.277096179336139725
0.663757249999999965,0.280384722042032852
0.667702500000000088,0.28366887325906337
0.671665500000000026,0.287026405142031538
0.675660249999999962,0.290403423734780231
0.684657249999999995,0.302483354764060797
0.698657250000000007,0.314808697993593845
0.707658750000000003,0.318352286485560632
0.711659999999999959,0.321913623401771432
0.715659000000000045,0.325493121476432612
0.71965800000000002,0.329094371979154976
0.72365674999999996,0.332713308539582808
0.73327175,0.346792772181802933
0.748927000000000009,0.361976245188398327
0.759352250000000062,0.366511635541426573
0.763703250000000056,0.370265172558835454
0.767665250000000077,0.374100705803234457
0.77168475000000003,0.378004657631157037
0.806707749999999946,0.447147418822633924
0.87268374999999998,0.521663199507417463
0.907658499999999924,0.526201518980536576
0.911657750000000044,0.530760362679015496
0.915657500000000013,0.535339738087899253
0.919658499999999934,0.539941384934963242
0.928662749999999981,0.556291332949638173
0.9426755,0.572901068387649759
0.951705000000000023,0.577708030388121907
0.955756749999999933,0.58256355427847395
0.95976774999999992,0.587313162160613911
0.963704749999999999,0.59203030378135113
0.96765974999999993,0.596862526428494355
0.976656999999999997,0.614043124635081594
0.990657250000000045,0.631468885751680808
0.999657750000000012,0.636468085935443795
1.00366175000000002,0.641496070336659119
1.00831325000000005,0.648175021671374196
1.01395674999999996,0.655776590110756952
1.02430774999999996,0.674710157251693365
1.03867350000000003,0.69300154981609341
1.04770425,0.698293037739398881
1.05175324999999997,0.703627328879284586
1.05576124999999998,0.708851016984768822
1.05970425000000001,0.714053041813701217
1.06866850000000002,0.732842115187819609
1.08266825,0.751872313063374653
1.09166450000000004,0.757321840346137587
1.09565975000000004,0.762794705565922437
1.09965800000000002,0.76829232552030835
1.10368449999999996,0.773883283214600204
1.11371500000000001,0.79628541184156465
1.12969549999999996,0.818928086523323162
1.13967799999999997,0.824642546168949497
1.14370400000000005,0.830417250402930573
1.14775274999999999,0.836237508635942928
1.15176125000000007,0.841936750919799359
1.15570474999999995,0.84760917763165966
1.1646652500000001,0.868064075261895995
1.17866224999999991,0.88877375440883033
1.18830725000000004,0.896632942215672024
1.19394899999999993,0.905583706839915958
1.19930175000000006,0.912647025154069147
1.20365849999999996,0.918666667287276639
1.21266224999999994,0.939977882536077169
1.22674149999999993,0.961763444309956639
1.23583599999999993,0.96799633872615154
1.2398015,0.974030410907170574
1.24372875000000005,0.980183965068463059
1.24768625000000011,0.986350822838167218
1.25766575000000014,1.01162075140767205
1.27366750000000017,1.03720454192847078
1.28366525000000009,1.04361321101253868
1.28766574999999994,1.05005793653034618
1.29168949999999993,1.05658177260031594
1.29570524999999992,1.06304073016780931
1.29967899999999981,1.0694682343613171
1.30868474999999984,1.09253650080253051
1.32271325000000006,1.11576734834565805
1.33176650000000008,1.12259494742451271
1.335839,1.12934142260663739
1.33980575000000002,1.13585559278887671
1.34372950000000002,1.14249725768248123
1.35328975000000007,1.16824359660061794
1.36887375000000011,1.19573392081734498
1.37927825000000004,1.20401747303680162
1.38367850000000003,1.21092382571650514
1.38766850000000019,1.21783270325618176
1.39166100000000004,1.22478754839213111
1.39565925000000002,1.23175623490444996
1.40468074999999981,1.25649523885580083
1.41870450000000003,1.2813986739936909
1.42768700000000015,1.2884690042365079
1.43168975000000009,1.29569794435279828
1.43574599999999997,1.30300032717157133
1.43980174999999999,1.31026836847250738
1.44878075000000006,1.33554479104566637
1.46269800000000005,1.36106194653431811
1.47165950000000012,1.36842706596241426
1.47566525000000004,1.37581128284582044
1.47966624999999996,1.38319883492065498
1.48366199999999981,1.39060352614773075
1.4896585,1.40550754373546294
1.50067875000000006,1.43192131280651425
1.51272425000000021,1.45094839147059096
1.51976975000000003,1.45862335157204659
1.52377224999999994,1.46616601550876657
1.52874675000000004,1.47760609865399584
1.53474099999999991,1.48912074595378008
1.54470600000000013,1.51608319687630155
1.55868874999999996,1.5435034664370344
1.56771050000000001,1.5513486421926963
1.57168850000000004,1.55910361584785484
1.57566074999999994,1.56696586258845039
1.57965800000000001,1.57485889658704292
1.58867975000000006,1.60281640612877485
1.6027260000000001,1.63103111152564328
1.61075325000000014,1.63506378919577622
1.61273175000000002,1.63898370734262566
1.61568824999999983,1.64692384299817252
1.61968975000000004,1.65500641488642364
1.62372849999999991,1.66306012625927546
1.66072500000000001,1.7972909083692723
1.73068299999999997,1.92615900463809986
1.76766299999999998,1.93351150090918322
1.77166075000000012,1.94083455668556337
1.77566349999999984,1.94817022114862648
1.77966899999999995,1.95546822397125064
1.78868874999999994,1.98086717458071893
1.80274924999999997,2.00612468556723611
1.81176899999999996,2.01320683909722398
1.81673024999999999,2.02384026784411031
1.82274700000000012,2.03461961089462617
1.82776099999999997,2.04163413005995542
1.83170849999999996,2.04859091106660074
1.84067350000000007,2.0731102256627354
1.85466549999999986,2.09740792602953663
1.86366100000000001,2.1043392725237311
1.86765975000000006,2.11124531000345694
1.87165824999999986,2.1181407112955033
1.87566174999999991,2.12502885344581438
1.884687,2.1489576192418034
1.89875000000000016,2.17273369352126222
1.90777375000000005,2.1794118083362557
1.91172124999999982,2.18601236630443596
1.91570300000000016,2.19277061422425623
1.91974850000000008,2.19954934709394179
1.92875450000000015,2.22265285036762794
1.94269425000000018,2.24549325782421283
1.95165975000000014,2.2520475332404466
1.95566600000000013,2.258583394143308
1.95970225000000009,2.26519982981187562
1.96373275000000014,2.27168162155363662
1.96769399999999983,2.27803858714269358
1.97768049999999995,2.30372308404451864
1.99374099999999999,2.32917382989521604
2.0037609999999999,2.33543221349931907
2.00771424999999981,2.34163960966723783
2.0117029999999998,2.34797479319265801
2.01573400000000014,2.35427963472627377
2.01972799999999975,2.36046394041927066
2.02868524999999966,2.3820360399101177
2.04265950000000007,2.40345753923273531
2.05169675000000007,2.40968359304588953
2.05573650000000008,2.41577077161327392
2.05970075000000019,2.42173221956519358
2.0636650000000003,2.42778462395558359
2.07267050000000008,2.44876943296592309
2.08669700000000002,2.46958446783294372
2.09576224999999994,2.47562669096046406
2.09978825000000002,2.48146695664489814
2.10372650000000005,2.48721602093495697
2.10770275000000007,2.49313304967332927
2.11175099999999993,2.49905766482772895
2.12075674999999997,2.51922251566191235
2.1346955000000003,2.53912929256751996
2.14365975000000031,2.54483866979730777
2.14866250000000036,2.55335150247493559
2.1546599999999998,2.5618178331417738
2.15965749999999979,2.56744921713924867
2.16866249999999994,2.5869579198471353
2.18269100000000016,2.60630178644549826
2.19173399999999985,2.61184593175930502
2.19579849999999954,2.61744174013068331
2.19982450000000007,2.62284521082242783
2.20375824999999992,2.62815490072783531
2.21370524999999985,2.64961163353596385
2.22968174999999968,2.67075670013752031
2.23966399999999988,2.67603717788642692
2.24366325,2.68129814472463757
2.24766524999999984,2.68655072954277419
2.25166549999999965,2.69177204520359714
2.25566050000000029,2.69697586080973739
2.26466324999999991,2.71501045262543483
2.27868849999999989,2.73286687498064707
2.28772624999999996,2.73798146790997876
2.29172449999999994,2.74298443608612086
2.29568724999999985,2.74797459109638176
2.29969000000000001,2.75304313202662598
2.30971100000000007,2.77283211101045035
2.3266902500000004,2.79468717179342763
2.33866599999999991,2.80194273640626745
2.34366324999999964,2.80676767832884133
2.34766074999999974,2.81156788806862767
2.35165800000000003,2.81635716329771135
2.35568050000000007,2.82118237702827823
2.36472550000000004,2.83772012927516659
2.37876425000000014,2.85402725139908719
2.38776275000000027,2.85861714995257321
2.39171449999999997,2.86316051301107466
2.39570149999999993,2.86779675315713689
2.39973749999999963,2.87241742136566724
2.40873325000000005,2.88817594069616268
2.42268349999999977,2.90371160324223254
2.43165675000000014,2.9081505599177695
2.43565975000000012,2.9125774724298048
2.4396627500000001,2.91698131062627475
2.44366050000000001,2.92136159424735675
2.45266299999999982,2.93650751931794529
2.46667599999999965,2.95144452674094415
2.47570125000000019,2.95572629053553282
2.47974849999999991,2.96001704300645496
2.48376049999999982,2.96418910974323913
2.48872674999999965,2.97043183049346293
2.49474725000000008,2.97674289603112729
2.53076074999999978,3.04051875870077914
2.59669725000000007,3.09949527609332431
2.63166300000000009,3.10306800254087767
2.63566974999999992,3.10661205211300651
2.63966399999999979,3.11012758913288279
2.64365799999999984,3.1136361606118701
2.65266225000000011,3.12570844284257765
2.6666875000000001,3.13759339076650212
2.67572775000000007,3.14099363616215665
2.67976824999999996,3.14437933071271614
2.68377124999999994,3.14768163562154202
2.68773624999999994,3.15096918880990406
2.69173649999999975,3.15429484460552345
2.70073099999999977,3.16558590397032713
2.71468624999999975,3.17666381933086894
2.72366074999999963,3.17981638400719957
2.7276600000000002,3.18296043928521755
2.73166550000000008,3.18608768303764256
2.73566600000000015,3.18918883969562472
2.74465825000000008,3.19983373144742211
2.75865649999999984,3.21027681171904344
2.76868625000000002,3.21474915528671268
2.77475149999999982,3.21919983470772975
2.77979324999999999,3.22211531204186485
2.78377624999999984,3.22498083618683262
2.78775749999999967,3.22785882521948286
2.79673524999999978,3.23767982561469436
2.81068775000000004,3.24728599217693947
2.81966375000000014,3.25002294838940742
2.82366325000000007,3.25274100556326751
2.82766524999999991,3.25544622895573044
2.83166549999999972,3.2581268608328644
2.83566050000000036,3.26078999265531566
2.84466075000000007,3.26991120469841112
2.85866474999999998,3.27881547358666747
2.86768575000000014,3.28136632237724557
2.87174525000000003,3.28392418203595859
2.8757659999999996,3.28639115667919679
2.87971699999999986,3.28882741130842993
2.88868299999999989,3.29726453986454393
2.90266875000000013,3.30547984727358868
2.91165874999999996,3.30781326557926603
2.91565800000000008,3.31012769933329132
2.9196572500000002,3.31242603205880171
2.92465750000000035,3.31583362651781943
2.93665724999999966,3.32570088195376679
2.95368524999999993,3.33422030424481797
2.96373575000000011,3.33634834008651149
2.96776924999999991,3.33844705869681357
2.97176174999999976,3.3404972561357944
2.97571374999999971,3.3425195536943324
2.97977049999999988,3.34464103066830232
2.9888457500000003,3.35153489505565227
3.00274550000000007,3.3581416320559061
3.01165649999999996,3.36003664395256862
3.01565700000000003,3.36191363832767776
3.01967174999999965,3.36378667192276026
3.02368674999999998,3.36562867716661973
3.03267225000000007,3.37184729878611344
3.04665549999999996,3.37786248127229749
3.05566024999999986,3.37956973551961681
3.05970150000000007,3.38128244386952614
3.06375550000000008,3.3829646370704376
3.06774325000000037,3.38458714900790802
3.07169100000000039,3.38620174871691892
3.08066925000000014,3.39169551588683094
3.09466224999999984,3.396971191028618
3.10465675000000019,3.39919476168756463
3.11066175000000023,3.40138206857970093
3.11566924999999983,3.40282237769623341
3.11966900000000003,3.40424106031515983
3.12866325000000023,3.40899721134617462
3.14265675,3.41353800024625098
3.15165824999999966,3.41482183519845028
3.1556867500000001,3.41609924026077616
3.15972874999999975,3.41735592981307335
3.16372649999999966,3.418570697242723
3.17368149999999982,3.42318757619145986
3.18965725000000022,3.42753751809419338
3.1996570000000002,3.42860749366787232
3.2036570000000002,3.42965992535456365
3.2076570000000002,3.43069481315426694
3.21166049999999981,3.43171390666329978
3.21566424999999967,3.4327137987651315
3.22465949999999957,3.43599587859836975
3.23865999999999987,3.43906763460228682
3.2476762499999996,3.43993157078372169
3.25170349999999964,3.44078014294733592
3.25574850000000016,3.44161571743303751
3.25975949999999992,3.44241510550526764
3.2697077499999998,3.44534876916462895
3.28566874999999969,3.44801292826503003
3.29568249999999985,3.44866765831430389
3.29970099999999977,3.44929884373053541
3.30367899999999981,3.44990592606290392
3.30766000000000027,3.45050308476855028
3.31166325000000006,3.45108187533753785
3.32065874999999977,3.45289139363653952
3.33466225000000005,3.45448885525758032
3.34368050000000006,3.45492929521321157
3.3477055,3.45535302275848677
3.35174875000000005,3.45576149359944162
3.3557579999999998,3.45614323658977085
3.39270225000000014,3.45751919218488046
3.46266099999999977,3.45352498305974942
3.49965674999999976,3.4532791363823625
3.50366,3.45301535514992164
3.50766650000000002,3.45273390272662217
3.51166724999999991,3.45243583263117415
3.51566475000000001,3.45211976654173336
3.52467024999999978,3.45079760881512376
3.53869375000000019,3.44925696280075034
3.54773175000000007,3.44879569525612384
3.55273450000000013,3.44807541444419519
3.55871575000000018,3.4473120236320236
3.56374650000000015,3.44677640578627598
3.57275525000000016,3.44472452148181851
3.58669400000000005,3.44246406523760529
3.59565674999999985,3.44179711264085464
3.59965974999999982,3.4411117342917108
3.6036627499999998,3.44040966321589314
3.60766624999999985,3.43968893821413646
3.61166949999999964,3.43895183860344344
3.6206687500000001,3.43615739981300905
3.63469050000000005,3.4331373820820823
3.64373400000000025,3.43225033920497857
3.64773324999999993,3.43136489547008106
3.65169075000000021,3.43046182240601372
3.65568999999999988,3.42952225980660685
3.66470424999999977,3.42605446461627627
3.67867774999999986,3.422380466145444
3.68765725,3.42130995151604278
3.69166799999999995,3.42021622260352443
3.69568124999999981,3.41910911759035407
3.69967349999999984,3.41799197691698131
3.70866049999999969,3.41384799342413547
3.72366300000000017,3.40882630603840919
3.73468924999999974,3.4068909840284034
3.73972924999999989,3.40557995903257638
3.74372749999999987,3.40427723785399206
3.74768924999999964,3.40295547301857049
3.75169225000000006,3.40159012656167192
3.76071075000000032,3.39664722976662192
3.77468649999999961,3.39150471962679845
3.7836805,3.39000118161302089
3.78769675000000028,3.38849184171674267
3.79168075000000027,3.38697769236130153
3.79566475000000025,3.3854334006737159
3.80466300000000013,3.37981580958307948
3.8186817500000001,3.37396376747474713
3.82771075000000005,3.37227213152883998
3.83172099999999993,3.37056818123629442
3.83575149999999976,3.3688236287068869
3.8397610000000002,3.36710271503689107
3.84378274999999991,3.36531162988616828
3.85281949999999984,3.35895685172111813
3.86673624999999976,3.35246035255384145
3.87565699999999991,3.35056541122661189
3.87965699999999991,3.34865292601239517
3.88465974999999997,3.34574202237647489
3.89066275000000017,3.34279406194706041
3.90066025000000005,3.33570401906155656
3.91465925000000015,3.32839439641470092
3.9236882500000001,3.32625998136727352
3.92773474999999994,3.32411610598595875
3.9317517500000001,3.32197755312014431
3.93573025000000021,3.31983999063419333
3.93969075000000002,3.3176863168946813
3.94866824999999988,3.30985903052678454
3.96266125000000002,3.30181991946969866
3.97165675000000018,3.29950363535543945
3.975657,3.29717009685351981
3.979657,3.29481901446461167
3.98365999999999998,3.29244680889399843
3.99266299999999985,3.28394161220735947
4.00666000000000011,3.27522533216075606
4.01565850000000069,3.27271445988814724
4.01966424999999994,3.27018251922583092
4.02366724999999992,3.26764000467170179
4.02768624999999947,3.2650522400436901
4.03170674999999967,3.26247254540382858
4.04068499999999986,3.25325955187495008
4.05566250000000039,3.24241721355539969
4.06666024999999998,3.23831402675568203
4.07165849999999985,3.2355594283871012
4.07565774999999952,3.23278833226136886
4.07966000000000051,3.22999444182312079
4.08866300000000038,3.22001555862952227
4.10266099999999945,3.2098247367194741
4.11166099999999979,3.20689174968716895
4.11566224999999974,3.20394526075166519
4.11968200000000007,3.20094954824702604
4.12374174999999976,3.19790779664476554
4.12876300000000018,3.19342083474712712
4.13970525000000045,3.1811652697492323
4.15466150000000045,3.17017959263104698
4.16365775000000049,3.16702109229153983
4.16765750000000068,3.16384624112548352
4.17166124999999965,3.16064622927463912
4.17566825000000019,3.15743102017763322
4.18466674999999988,3.14598541149375421
4.19866000000000028,3.13432218053536893
4.20765525000000018,3.13097488408175728
4.21165750000000028,3.12759865485573973
4.2156880000000001,3.12416820965179243
4.22071049999999914,3.1190551216134117
4.22668649999999957,3.11393210546885468
4.26366449999999997,3.05040462007076041
4.33168325000000021,2.98176026935255223
4.36770375000000044,2.9777067171544771
4.37168124999999996,2.97368262794685467
4.37566124999999939,2.9695890491022543
4.37966349999999949,2.9654845780731045
4.38865775000000014,2.95091152372397358
4.40265750000000011,2.93610189449992731
4.41167275000000014,2.93183419785796806
4.41570125000000058,2.92753165194740728
4.41974975000000025,2.92318544559267668
4.42375999999999969,2.91892961589128941
4.43270200000000081,2.90375284523837962
4.44666050000000013,2.88828616875815891
4.45565700000000042,2.88384736381772377
4.45965699999999998,2.87939101499030059
4.46365775000000031,2.87491543798469884
4.46766124999999992,2.8704177949139571
4.47166525000000004,2.86590595461999298
4.48066374999999972,2.84991583319369202
4.49465649999999961,2.83371507448062898
4.50466325000000012,2.82670160179311214
4.51070050000000045,2.81961361410378286
4.51575449999999989,2.81484526522749334
4.51976449999999996,2.81016784464787595
4.52870699999999982,2.7935289197815778
4.54266699999999979,2.77658188434299324
4.55166674999999987,2.77172137476737701
4.55566224999999925,2.76685555429449792
4.55965774999999951,2.76195999203761433
4.56365800000000021,2.75704749776254143
4.57265800000000056,2.73963885518418948
4.5866579999999999,2.72201529999024006
4.59565749999999973,2.7169637222154841
4.59965724999999992,2.7118927013521259
4.60366549999999997,2.70678434822010505
4.60769674999999967,2.70161924492623573
4.61671299999999984,2.68355251067467648
4.63068524999999998,2.66530765979562423
4.63966724999999958,2.66005456595008205
4.64366725000000002,2.6547984026021596
4.6476620000000004,2.64952408127449068
4.65066024999999961,2.64687724713500439
4.65266025000000027,2.64423936323433351
4.66066000000000003,2.6260035634975103
4.67566024999999996,2.60548415785276166
4.68665874999999943,2.59783722311679011
4.69165549999999953,2.59276216355379496
4.69565350000000059,2.58770198563479825
4.69967624999999956,2.58260466668912292
4.7087374999999998,2.56511491425229643
4.72275799999999979,2.54800883280474455
4.73170124999999953,2.54322291509401577
4.73565999999999931,2.53836845064896988
4.73965850000000088,2.5335254620091896
4.74365975000000084,2.52870425535700383
4.75266824999999926,2.51205736468333152
4.76667624999999973,2.49567517867959321
4.77566700000000033,2.4910352330306833
4.77965800000000041,2.48639427502643029
4.78365799999999997,2.48177327880587928
4.78767549999999975,2.4771321615116384
4.79170099999999977,2.4725330200986706
4.80071524999999966,2.45673081025986484
4.81471324999999961,2.4412052601635601
4.82370500000000035,2.4367841163309838
4.82770499999999991,2.43238293428210905
4.83168100000000056,2.428054051993211
4.83665700000000065,2.42152677629667412
4.84865700000000022,2.40234917532702541
4.86565699999999968,2.38562180744878649
4.87565724999999972,2.38145940952344004
4.87965774999999979,2.37731697837255318
4.88365449999999957,2.37320220528790582
4.88766049999999908,2.36908079116164449
4.89167349999999956,2.3649917145363375
4.90069175000000001,2.3509204073943768
4.91470900000000022,2.33711837980821713
4.92369050000000019,2.3332372873095637
4.92766675000000021,2.32934031096528749
4.93166050000000045,2.32546468997787859
4.93565699999999996,2.32160223654754683
4.94565699999999975,2.30647181136544566
4.96165725000000002,2.29166032185888024
4.97165775000000032,2.28797706912326104
4.97565800000000014,2.2843142385203925
4.97965774999999944,2.28067182256491652
4.98365974999999928,2.27704485974327708
4.98766724999999944,2.27343252931164175
4.99669124999999958,2.26103454085910771
5.01074525000000026,2.24885440748200294
5.02076175000000013,2.24373732155874528
5.02670275000000011,2.23870085563440879
5.03166024999999983,2.23532129628969933
5.03565775000000038,2.23195831037292614
5.03965724999999942,2.22861528124972041
5.04866174999999906,2.21715013970125874
5.06266674999999999,2.20593691292016869
5.07166325000000029,2.20275914212488821
5.0756597499999998,2.19959497062345033
5.07966150000000027,2.19644881349959942
5.08366825000000055,2.19331682847272491
5.1206927499999999,2.14474054568234607
5.19070624999999986,2.10231022893293051
5.22768025000000058,2.09992935362018063
5.23166025000000001,2.09754379149234049
5.23565900000000006,2.09518024832272864
5.23965749999999986,2.0928348929489502
5.24366050000000072,2.09050604125607808
5.25266324999999945,2.08261207354472777
5.2666599999999999,2.0749655294422702
5.27565674999999956,2.07280009584440039
5.27966274999999996,2.07064771044730911
5.28369125000000039,2.06849856801301657
5.28870974999999977,2.06535911068489941
5.2996837499999998,2.05731767438277169
5.31465975000000057,2.05050796701950189
5.32365825000000026,2.04858157332478985
5.32765775000000019,2.04667608952171198
5.33165699999999987,2.04478985267784985
5.33565700000000032,2.04292357761769017
5.3456570000000001,2.03577786591627774
5.36165475000000047,2.02895337285471911
5.37165600000000065,2.02726381476256057
5.37567575000000009,2.02558379203424543
5.37971175000000024,2.02392121093696975
5.38375624999999935,2.02227497292537484
5.38776224999999975,2.02068369216627053
5.39670474999999961,2.01533445633988562
5.41066149999999979,2.01020311932706486
5.41965699999999995,2.00875604172464106
5.42365724999999976,2.0073287500119763
5.42765750000000047,2.00592159847217877
5.43166000000000082,2.00453269971230785
5.44066250000000018,1.99992215474912283
5.45465999999999962,1.99555761362506767
5.46365750000000006,1.99433011813858552
5.46866250000000065,1.992530870021614
5.47469099999999997,1.99076616542493601
5.47973450000000017,1.98960752950373143
5.48873799999999967,1.98584529905054352
5.50269899999999978,1.98232926337180881
5.5116695,1.98134479199393154
5.51566000000000045,1.98037800968594491
5.51965750000000011,1.97942997917128705
5.52366250000000036,1.97849964029772396
5.53266750000000052,1.9754961062553309
5.54670274999999968,1.97272444811000436
5.55573824999999921,1.97195638187850242
5.55969599999999975,1.9712238534326656
5.56365650000000045,1.97049431985824897
5.5676717499999997,1.96978162430904025
5.57172300000000043,1.96908020237051762
5.5807537500000004,1.96691897580077235
5.5947060000000004,1.96500918886868758
5.60366449999999983,1.96448090957210031
5.60765974999999983,1.96397273550508888
5.61165700000000012,1.96348382352034778
5.61567924999999946,1.96300988079374794
5.62470150000000046,1.96161386420240857
5.63967925000000037,1.96034046841896092
5.65070900000000087,1.95989979755326416
5.65575824999999988,1.9596313264042724
5.65970925000000058,1.95938775176887292
5.66367550000000008,1.9591570648379979
5.67368375000000036,1.95855958491080884
5.68967249999999947,1.95828114033032863
5.6996639999999994,1.95823145232844964
5.70365974999999992,1.95820170233141733
5.7076570000000002,1.95819187315551746
5.71165699999999976,1.95820200576331915
5.71565724999999958,1.95823210641215639
5.72465749999999929,1.95858197736604511
5.73865825000000029,1.95917647005894291
5.74765799999999949,1.95936616382572959
5.7516607500000001,1.95957634505115519
5.75566575000000036,1.95980625078546833
5.75968400000000003,1.96005826847284226
5.76870324999999973,1.96117786624924095
5.78268650000000051,1.96253727253207022
5.79166525000000032,1.96294621018357951
5.79466050000000088,1.96315536307294081
5.79665800000000075,1.96336065418326045
5.79968000000000039,1.96375782083301509
5.80470175000000044,1.96430757258664968
5.81567925000000052,1.96549047881774452
5.83065725000000068,1.96631351761405848
5.83965775000000065,1.96653114427776665
5.84365874999999946,1.96673126829397105
5.84765949999999979,1.96691377340481344
5.85166274999999914,1.96707897413551391
5.86069099999999921,1.96744184985014448
5.87471274999999959,1.96758855321346982
5.88368700000000011,1.96761286479433628
5.88766350000000038,1.96761991435084571
5.89168725000000038,1.9676090739309271
5.89571200000000051,1.96758082213440133
5.89968800000000027,1.96753578399941431
5.90866399999999992,1.96716132333477267
5.92266150000000025,1.96657223727208308
5.93165925000000005,1.96638629751662108
5.93565874999999998,1.96618291998787753
5.93965775000000029,1.96596195209438784
5.94365424999999981,1.96572382877849328
5.97867250000000006,1.95700328604699503
6.0447242499999998,1.94349534871746199
6.07977499999999971,1.94265114661339222
6.0847680000000004,1.94137042800258697
6.09069850000000024,1.94005758058194333
6.09565674999999985,1.93915226251386774
6.10465699999999956,1.93576913268715667
6.1186607499999992,1.93216904752867413
6.12766474999999922,1.93112332572865064
6.13168149999999912,1.93005127394572673
6.13569775000000028,1.92897058762921136
6.13967599999999969,1.92788421631944207
6.14365899999999954,1.92676594578915572
6.15269374999999918,1.92262713558457321
6.16675874999999962,1.91826862447749424
6.17576750000000008,1.91702850509820233
6.17970500000000023,1.91577807272026379
6.18366550000000004,1.91448881495806189
6.1876597499999999,1.9131819001220729
6.19665700000000008,1.90838648739285821
6.21065724999999969,1.90337597543212955
6.21965774999999965,1.90192672449835576
6.22369449999999969,1.90043301909238238
6.22773100000000035,1.89894854134242053
6.23169524999999958,1.8974736763336657
6.24066374999999951,1.89199933340404902
6.25569025000000067,1.8854470819024387
6.2667502500000003,1.8829254963271409
6.27176750000000016,1.88126516033426183
6.27570500000000031,1.87960604301562983
6.27966025000000005,1.87789617141438159
6.28365725000000008,1.87616662002945289
6.29265700000000017,1.86989752079327798
6.30665724999999977,1.86341326969392784
6.31565799999999999,1.8615426768818697
6.31965850000000007,1.85965500771414449
6.32365874999999988,1.8577495543145397
6.32765975000000047,1.85582606756375301
6.33667300000000022,1.84886868943432625
6.35077300000000022,1.84161658183253785
6.35988550000000075,1.83952656586377494
6.36382475000000003,1.83753478395763481
6.36770349999999929,1.83547379019456613
6.37166549999999976,1.83336067545842329
6.37566024999999925,1.83123032951774234
6.38465725000000006,1.82354922171413958
6.3986572500000003,1.81565263727361081
6.40766125000000031,1.81337471096485969
6.41166500000000017,1.81108350388760297
6.41666124999999976,1.80761161416195204
6.42265599999999992,1.80409768297819095
6.43266075000000015,1.79567178766728763
6.44669024999999962,1.78700910510161615
6.45580924999999972,1.78440488165115196
6.45988550000000039,1.7819266668489111
6.46376675000000045,1.77953239797132223
6.46766500000000022,1.77699875845433075
6.47166025000000023,1.77444729740057672
6.48065800000000003,1.76529221340403675
6.49466400000000021,1.75591400099752204
6.50367024999999988,1.75321892355413
6.50766574999999925,1.75051312230975742
6.51166100000000014,1.74778333560169652
6.51565949999999994,1.74503807865264138
6.52469999999999928,1.73514727465265683
6.53874674999999961,1.72509358556224601
6.54773074999999949,1.72223565088594288
6.55172875000000055,1.7193028058749078
6.55572975000000024,1.71640575428962561
6.55969099999999994,1.71349627516863801
6.56366624999999981,1.71054395734543863
6.57266225000000048,1.69997690645094401
6.58766199999999991,1.6876191433418295
6.59866025,1.68294825773014134
6.60365874999999924,1.67981457873239171
6.60765849999999944,1.6766645396012525
6.61165800000000026,1.67349616887641628
6.62065774999999945,1.66219237012085985
6.63466199999999962,1.65066571163584541
6.64368649999999938,1.64732368775007454
6.64770550000000071,1.64399888132949124
6.65172574999999977,1.64061914925886621
6.65574949999999976,1.63725318128861752
6.66471049999999998,1.62534438583779406
6.67868374999999936,1.61312350471402444
6.6877014999999993,1.60961634332594983
6.69168374999999926,1.60613358536184481
6.69566050000000068,1.60260121400070776
6.69965800000000034,1.59904687776214449
6.70968249999999955,1.58450356806356152
6.72570724999999925,1.56972348844024245
6.73568799999999968,1.56604740586950952
6.73968900000000026,1.5622791723734184
6.7437269999999998,1.55849868163059235
6.74776825000000002,1.5546885163020574
6.75276925000000006,1.54904429506812469
6.76370424999999997,1.53368037932856338
6.77866925000000009,1.51993622251693372
6.78767425000000024,1.51600029226958899
6.79166500000000006,1.51205629909004635
6.79565800000000042,1.50808090956378016
6.79965799999999998,1.50408797615052636
6.83666224999999983,1.42882903613929813
6.90668925000000034,1.34815051891246229
6.94373175000000042,1.34347992436039365
6.9477285000000002,1.33889104484894195
6.9516840000000002,1.33428151491748381
6.95566249999999986,1.32960435017484002
6.9597017499999998,1.3248171568327054
6.96874099999999963,1.3081695589676583
6.98269924999999958,1.29140889547259818
6.99165774999999989,1.28657325110393939
6.99565824999999997,1.28172005846204717
6.99965849999999978,1.27684992850642653
7.00365824999999997,1.27196286781575862
7.0126987500000002,1.25453900863655732
7.02674374999999962,1.23699030294418821
7.03572699999999962,1.23201486612137834
7.04074150000000021,1.22434285158741996
7.04675975000000054,1.21676513789657736
7.05170875000000041,1.21175289839601197
7.061693,1.19103195574762077
7.07770499999999991,1.17009275507839483
7.08767849999999999,1.16489053675811438
7.0916579999999998,1.15961689959476422
7.09565800000000024,1.15432571854442534
7.0996637499999995,1.14900168043921846
7.10366949999999964,1.14367536117623048
7.11266674999999982,1.12482582365590056
7.12667125000000024,1.10573398961958036
7.13567875000000029,1.10026659425495588
7.13970875000000049,1.09470049518846957
7.14373774999999966,1.08920050427283055
7.14770250000000029,1.0837764166782915
7.1566882500000002,1.06418684193170887
7.17070849999999993,1.04443886094588567
7.17968649999999986,1.03884148570303503
7.18366199999999999,1.03317142900144043
7.18765874999999976,1.02747887405930616
7.19165800000000033,1.02176663972126414
7.20067949999999968,1.00149617819847592
7.21570475000000044,0.978109080704796963
7.22669225000000015,0.969351463744347663
7.2316932499999993,0.963412777105471685
7.23574325000000051,0.957410336061176981
