time_ax,theoretical_vx
0.0318840000000000026,0.0794853274772920337
0.0657445000000000113,0.0844894971290173213
0.071717000000000003,0.0943880466221084374
0.0776904999999999957,0.0993947114967964479
0.0917245000000000005,0.129406005680853253
0.105704500000000007,0.134277928515554645
0.109660000000000007,0.13927586010987314
0.113659999999999997,0.144258820366415352
0.117662500000000003,0.14926299001814064
0.121666499999999997,0.154249693109126923
0.135661000000000004,0.184182387769858236
0.14965500000000001,0.189167843249363171
0.153664500000000009,0.19418698423886474
0.1576795,0.199186163444664582
0.161715999999999999,0.204258951727864568
0.165785500000000002,0.209340473291434015
0.169747499999999996,0.214145025106142084
0.183664500000000008,0.244066491263541158
0.197656500000000013,0.249058184800452886
0.201664499999999997,0.25406734489810362
0.2056645,0.259039076651313649
0.209657499999999997,0.26403077018822535
0.213662999999999992,0.26903369222846929
0.227662000000000003,0.298961396443275185
0.241657000000000011,0.303954337591668289
0.247667999999999999,0.313960181672156169
0.253683500000000006,0.318964351323881457
0.257716500000000015,0.324023415880786425
0.261773499999999992,0.32908747088361695
0.275812000000000002,0.359052603442863494
0.289739499999999983,0.363839688696832531
0.293657500000000016,0.368828887010781592
0.297657000000000005,0.373819332936211945
0.301657000000000008,0.378809778861642299
0.305657000000000012,0.383800224787072652
0.309657000000000016,0.388790670712503006
0.323656999999999972,0.418733346265085127
0.337657499999999999,0.423725039801996883
0.341659500000000005,0.428719228561871279
0.345662000000000025,0.433712169710264384
0.349671500000000024,0.438723825030877812
0.353714499999999987,0.443800356148521813
0.367786999999999975,0.473837850173687181
0.381746499999999989,0.478632421096544358
0.3856715,0.4836316003023442
0.389665999999999957,0.488599589221110131
0.393656999999999979,0.493590035146540485
0.397657499999999997,0.498581728683452241
0.403668000000000027,0.508587572763940066
0.419718499999999994,0.538631304846512227
0.433753500000000014,0.543608027045647701
0.437703000000000009,0.548486187937755831
0.441664500000000015,0.55349285281244387
0.445676500000000031,0.558497022464169213
0.449753000000000014,0.563664629219952307
0.463745500000000033,0.593411429769961307
0.477675000000000016,0.598421837479093388
0.481670500000000001,0.603381093117489775
0.485657999999999979,0.608371539042920184
0.489657999999999982,0.613361984968350593
0.493657499999999971,0.618351183282299655
0.507657000000000025,0.648293858834881886
0.521657499999999996,0.653285552371793532
0.525657999999999959,0.658275998297223941
0.529657999999999962,0.66326644422265435
0.533653999999999962,0.668246909256233868
0.537661500000000014,0.673266050245735492
0.54168649999999996,0.678290181681162507
0.555749000000000049,0.708355123158917799
0.569733000000000045,0.713183379591771582
0.574891999999999959,0.721227978423565341
0.580886499999999972,0.728140993641767764
0.585656999999999983,0.733131439567198173
0.589656999999999987,0.738121885492628582
0.603656999999999999,0.768064561045210814
0.61765749999999997,0.773056254582122571
0.621658000000000044,0.77804670050755298
0.625659500000000035,0.783040889267427431
0.629658999999999969,0.788026344746932339
0.633665499999999993,0.793038000067545656
0.647711499999999996,0.823074246481229732
0.661777500000000019,0.828135806261097396
0.665737000000000023,0.832954081802100399
0.669668000000000041,0.837944527727530808
0.673663000000000012,0.842922497538147519
0.677657500000000024,0.84791169585209647
0.691656999999999966,0.877854371404678702
0.705657500000000049,0.882846064941590458
0.709659999999999958,0.887841501312946257
0.713659999999999961,0.892826956792451165
0.717658000000000018,0.897817402717881574
0.721658000000000022,0.902807848643311983
0.725655500000000009,0.907792056511335543
0.740887999999999991,0.940816332422870882
0.756966000000000028,0.947910251305870144
0.761738499999999985,0.952724784012429105
0.765668000000000015,0.957715229937859513
0.769662500000000027,0.962691952136994988
0.773707000000000034,0.967807159210561041
0.839708499999999969,1.12738041051064086
0.905658999999999992,1.13236836121310835
0.909657999999999967,1.13735880713853876
0.913657500000000011,1.14234800545248794
0.917657500000000015,1.14733969898939958
0.921659499999999965,1.15233388774927392
0.935665999999999998,1.18228903941666985
0.949685000000000001,1.18731441846357821
0.953724999999999934,1.19236974018603914
0.957788499999999932,1.19745375697257117
0.961746999999999908,1.20224708028394711
0.965662499999999979,1.20722380248308259
0.969656999999999991,1.212214248408513
0.983657000000000004,1.24215692396109523
0.997657500000000086,1.24714861749800709
1.00165799999999994,1.25213906342343728
1.0056655000000001,1.25714822352108824
1.010961,1.2653525166224957
1.01695249999999993,1.27209835190219622
1.031663,1.30205849401551754
1.04568400000000006,1.3070838730624259
1.04972449999999995,1.31214044239636829
1.053782,1.31720824023364247
1.05774049999999997,1.32201778249427626
1.06166800000000006,1.32700822841970667
1.07566899999999999,1.35695339919525138
1.08966750000000001,1.36193760706327516
1.09366150000000006,1.3669193197083358
1.09765800000000002,1.37190976563376621
1.10165800000000003,1.37690021155919662
1.10571099999999989,1.38202290430165076
1.12171900000000013,1.41684374074634123
1.13767200000000002,1.42182919622584603
1.14168400000000014,1.42685457527275461
1.14572399999999996,1.43190989699521554
1.14978150000000001,1.4369789424439714
1.15374100000000013,1.44178973231608643
1.15766849999999999,1.44677893063003515
1.17166199999999998,1.47670663484484121
1.18566250000000006,1.48171329971952925
1.19095200000000001,1.48990511670612302
1.19694600000000007,1.49666966615804387
1.20165750000000005,1.50166135969495551
1.20565949999999988,1.5066555484548303
1.219665,1.53660820489926309
1.23381799999999986,1.54197043904613817
1.23785400000000001,1.54667892477678159
1.24174899999999999,1.55168933248591379
1.24570850000000011,1.55655876009765248
1.24966400000000011,1.56155918691493367
1.26566750000000017,1.59649106078146485
1.28166750000000018,1.6014827543183765
1.285663,1.60646072412899321
1.28966849999999988,1.61147736989553225
1.29371049999999999,1.61654641534428811
1.29769999999999985,1.62143206190528444
1.30165799999999998,1.62642250783071485
1.31571149999999992,1.65649867781180249
1.3297150000000002,1.66136436258909703
1.33381799999999995,1.66673657762782268
1.33786000000000005,1.67145005380439171
1.34175149999999999,1.67644673778722852
1.34570750000000006,1.68132115584489283
1.36087200000000008,1.71428554640532305
1.37687549999999992,1.72125345652870521
1.38168099999999994,1.72627634035265087
1.38567600000000013,1.73122187226475255
1.38966100000000004,1.73621980385907104
1.39366100000000004,1.74120276411561337
1.3976575,1.74619196242956209
1.41170399999999985,1.77625191346139188
1.425705,1.78112757913053743
1.42966900000000008,1.78614297728559479
1.43371050000000011,1.79121202273435087
1.43778150000000005,1.79630102996680852
1.44182200000000016,1.80129397111520162
1.45573949999999996,1.83102829555039714
1.46965650000000014,1.83601998908730879
1.4736625000000001,1.84102415873903413
1.47766799999999998,1.84601460466446454
1.48166449999999994,1.85099631730952519
1.48565949999999991,1.85598302040051144
1.49365749999999986,1.87095311056532121
1.50770000000000004,1.8910221888544394
1.51774850000000017,1.89602635850616474
1.52179099999999989,1.90110912768121554
1.52575349999999998,1.90591367949592372
1.5317400000000001,1.91604677994751005
1.53774199999999994,1.92089000771814011
1.5516700000000001,1.95080024537220709
1.56570750000000003,1.95591670005725438
1.56971349999999998,1.96079610856084385
1.57366349999999988,1.96577283075997933
1.577658,1.97076327668540974
1.58165800000000001,1.97575372261084015
1.59570150000000011,2.00580494036230039
1.60975050000000008,2.01080911001402551
1.61175599999999997,2.01080911001402551
1.61370749999999985,2.00652949808198233
1.61766900000000002,2.00212159647634191
1.62171050000000005,1.99766654567442248
1.62574649999999998,1.99327070549108631
1.69570350000000003,1.84425183292527817
1.76566249999999991,1.83985160677019488
1.76966350000000006,1.835477696445593
1.77365799999999996,1.83109172469868731
1.77766899999999994,1.82668163010717355
1.78166899999999995,1.8223197812048757
1.79570849999999993,1.79589320493683169
1.80979000000000001,1.79143925062784892
1.81374799999999992,1.78721336684970522
1.81971250000000007,1.77835918638563917
1.82578149999999995,1.77390413558371973
1.82974049999999999,1.76967715531263914
1.83367650000000015,1.76527254318580895
1.84767049999999999,1.73898851099953933
1.86166049999999994,1.73459267081620316
1.86566149999999986,1.73021437451985438
1.86965800000000004,1.72582840277294869
1.87365849999999989,1.72144133453310633
1.87766499999999992,1.71704220487095971
1.89170900000000008,1.69064304092633377
1.90579100000000001,1.68616057780099626
1.90975649999999986,1.68194675544515637
1.913686,1.67754323981126285
1.91772000000000009,1.67310025043164745
1.92177700000000007,1.66864629612266469
1.93573200000000001,1.64249713256761232
1.94965650000000013,1.63811006432776995
1.95366300000000015,1.63371093466562334
1.9576690000000001,1.62932496291871765
1.96173550000000008,1.62479315761122733
1.96572999999999998,1.62056508084721029
1.96965799999999991,1.6161791091003046
1.985703,1.58537862250765849
2.00177899999999998,1.58092466819867572
2.00574299999999983,1.57668562650529132
2.00968549999999979,1.57227882139258779
2.0137204999999998,1.56783692850590883
2.01774750000000003,1.56344766728019291
2.02170849999999991,1.55915051146116213
2.03566199999999986,1.53284783889496801
2.04965699999999984,1.52845967416218853
2.0537365000000003,1.52390155302421704
2.05773649999999986,1.51968773066837692
2.06166500000000008,1.51528640802035719
2.06566500000000008,1.51091578717456532
2.07967600000000008,1.48456048294740861
2.09371799999999997,1.48012187953953989
2.09780649999999991,1.47559446020379648
2.10177000000000014,1.47142998003010916
2.10568299999999997,1.46701330648097517
2.10972250000000017,1.46257141359429621
2.1137794999999997,1.45811636279237677
2.12773400000000024,1.43196939222319752
2.14165700000000037,1.42758342047629183
2.14566250000000025,1.42318538730708233
2.15166250000000003,1.41442550523557453
2.15765750000000001,1.41003843699573239
2.16165750000000001,1.40565356174176292
2.17566750000000031,1.37931470490865715
2.18971450000000001,1.37484868917737035
2.19375349999999969,1.37045723496578109
2.19784349999999984,1.36587937695494821
2.20180549999999986,1.36176862493516082
2.20571099999999998,1.35731467062617783
2.22169949999999972,1.32670607029745935
2.23766399999999965,1.32230474764943917
2.2416640000000001,1.31793412680364774
2.24566249999999989,1.3135360936344378
2.24966799999999978,1.3091501218875321
2.25366299999999997,1.30477511506999355
2.25765800000000016,1.30038914332308786
2.27166849999999965,1.27405028648998209
2.28570850000000014,1.26959962165980911
2.28974399999999978,1.26520049199766271
2.2937050000000001,1.2609132046150624
2.29766949999999959,1.25650639950235887
2.30171049999999999,1.25205134870043899
2.31771150000000015,1.22141643254123888
2.33566900000000022,1.2126708048779089
2.34166299999999961,1.20827167521576251
2.34566349999999968,1.2038977648911604
2.3496579999999998,1.19951179314425471
2.35365800000000025,1.19512582139734902
2.35770299999999988,1.19064116528613773
2.37174800000000019,1.1643253348047029
2.38578050000000008,1.15986809101691013
2.38974500000000001,1.15563124230939906
2.39368399999999992,1.15122991966137933
2.39771899999999993,1.14678254431001658
2.40175599999999978,1.14237683569024995
2.41571049999999987,1.11618052293891856
2.42965650000000011,1.11179345469907598
2.43365700000000018,1.10740748295217029
2.43766250000000007,1.10300944978296034
2.44166300000000014,1.09863444296542179
2.44565799999999989,1.09424847121851609
2.45966799999999974,1.06791071087834699
2.47368399999999999,1.06351158121620015
2.47771849999999993,1.05906310937190096
2.48177849999999989,1.05460805856998152
2.48574249999999974,1.05037011336953401
2.49171100000000001,1.04151922238427774
2.49778350000000016,1.03705320665299094
2.56373799999999985,0.896881935593628721
2.62965650000000029,0.892494867353786026
2.63366949999999989,0.888081483283462148
2.63766999999999996,0.883721827367038082
2.64165799999999962,0.879335855620132278
2.64565800000000007,0.874949883873226475
2.65966650000000016,0.848615413011867159
2.67370850000000004,0.8441559762382006
2.6777470000000001,0.839759039561927434
2.68178949999999983,0.835290830844767296
2.68575300000000006,0.831067140052496822
2.68971949999999982,0.826592352377716444
2.69375349999999969,0.822220635038988124
2.70770849999999985,0.79598923451368131
2.72166399999999964,0.791616420682016098
2.72565750000000007,0.787231545428046742
2.72966249999999988,0.782833512258837239
2.73366850000000028,0.778446444018994543
2.73766350000000003,0.774072533694392995
2.75165300000000013,0.747767668142325537
2.76566000000000001,0.743355380564937995
2.77171250000000002,0.734494621143251813
2.77779050000000005,0.730026412426091231
2.78179599999999994,0.725710616227135952
2.78575649999999975,0.721341091874281415
2.78975849999999959,0.716934286761577777
2.80371199999999998,0.690741263489055957
2.8176635000000001,0.686338844348099442
2.82166400000000017,0.681968223502308013
2.82566249999999997,0.677570190333097955
2.82966799999999985,0.673184218586192151
2.83366300000000004,0.668809211768653711
2.83765800000000024,0.664423240021747907
2.85166349999999991,0.638095348118009387
2.86566600000000005,0.633715955328723934
2.86970550000000024,0.629236781682195989
2.87378499999999981,0.624769669457972743
2.87774699999999983,0.620548171651576053
2.88168699999999989,0.616129305116568271
2.89567899999999989,0.589863913310223142
2.90965849999999993,0.585472459098633435
2.913659,0.581090873323474644
2.91765700000000017,0.57670490157656884
2.92165750000000024,0.572317833336726145
2.92765750000000002,0.56354698633585143
2.94565699999999975,0.532845184107510805
2.96171350000000011,0.52833530865875511
2.96575800000000012,0.523975652742330489
2.96978049999999971,0.519514022982790702
2.9737429999999998,0.515285946218773216
2.97768450000000007,0.510870369162575999
2.98185650000000013,0.506136809154728029
2.99583500000000003,0.480215716130514392
3.00965600000000011,0.475827551397735304
3.01365700000000025,0.471441579650829501
3.01765699999999981,0.467055607903923697
3.02168649999999994,0.462604943073751218
3.02568700000000002,0.458282567917175199
3.03965750000000012,0.431967833928677269
3.05365350000000024,0.427589537632328653
3.05766699999999991,0.423166285125574304
3.06173599999999979,0.41866627811324858
3.06577500000000036,0.414308815182697743
3.06971150000000037,0.410033589222401185
3.07367050000000042,0.405626784109697602
3.08766799999999986,0.379337269458744519
3.10165649999999982,0.374950201218901824
3.10765700000000011,0.366178257725090217
3.11366649999999989,0.361771452612386635
3.11767199999999978,0.35739425280897491
3.12166600000000027,0.353012667033815675
3.13566050000000018,0.326704512002938041
3.14965299999999981,0.322327312199526317
3.15366349999999995,0.317909542157455371
3.15770999999999979,0.313453394862598989
3.16174749999999971,0.30905536169338943
3.16570549999999962,0.304773556775472576
3.18165750000000003,0.274072851040068344
3.19765700000000042,0.26968687929316254
3.20165699999999998,0.265300907546256737
3.20565700000000042,0.260914935799350933
3.20965699999999998,0.25652896405244513
3.21366400000000008,0.252127641404425451
3.21766449999999971,0.247755924065697131
3.23165449999999987,0.221447769034819497
3.24566549999999987,0.217029998992748552
3.24968699999999977,0.212628676344728373
3.25371999999999995,0.208185686965113109
3.25777699999999992,0.20373173265613001
3.26174199999999992,0.199490497976872377
3.27767349999999968,0.168794178213215185
3.2936639999999997,0.164423557367423756
3.29770099999999999,0.159941094242085691
3.301701,0.155651613873612149
3.30565700000000007,0.151265642126706346
3.30966300000000002,0.146866512464559451
3.3136635000000001,0.142492602139957875
3.32765399999999989,0.116185543602017133
3.34167050000000021,0.11175461564470511
3.3456904999999999,0.107369740390736185
3.3497205000000001,0.102916882574689977
3.35377700000000001,0.0984738931950747132
3.35773900000000003,0.0942282725440695551
3.42766549999999981,-0.0548739334849294297
3.49765649999999972,-0.059261001724772111
3.5016569999999998,-0.0636469734716779145
3.5056630000000002,-0.0680461031338243233
3.50966999999999985,-0.0724342678666038825
3.51366449999999997,-0.076805985205332189
3.51766500000000004,-0.0812073078533518677
3.53167549999999997,-0.107530813785343862
3.54571199999999997,-0.111989154066073501
3.54975150000000017,-0.116389380221156788
3.55571750000000009,-0.125072507787093806
3.56171400000000027,-0.129539620011317025
3.56577900000000003,-0.1339869953626798
3.57973150000000029,-0.160137255410668672
3.59365649999999981,-0.164524323650511339
3.59765699999999988,-0.168910295397417143
3.60166249999999977,-0.173308328566626674
3.60566299999999984,-0.177683335384165142
3.60966949999999986,-0.182094526468615764
3.61366949999999987,-0.186455278877976749
3.62766799999999989,-0.21279303921814624
3.6417130000000002,-0.217255765470622919
3.6457550000000003,-0.221657088118643097
3.6497115,-0.225932314078939156
3.65366999999999997,-0.230338022698706346
3.65770999999999979,-0.234791977007688946
3.67169849999999975,-0.261014605589502124
3.68565699999999996,-0.265402770322281212
3.68965750000000003,-0.269787645576250623
3.69367849999999986,-0.274220766519435444
3.69768399999999975,-0.278571650492365985
3.70166299999999993,-0.282946657309904426
3.71565799999999991,-0.309262487791339247
3.73166799999999999,-0.318056361143885524
3.73771049999999994,-0.322513604931678299
3.74174799999999985,-0.32691054160795141
3.7457069999999999,-0.331195636004678384
3.74967149999999982,-0.33560463410325575
3.7537130000000003,-0.34005858841223835
3.7677084999999999,-0.366296567895165404
3.78166449999999976,-0.370663899262147156
3.78569650000000024,-0.375138686936927535
3.78969699999999987,-0.379436939248895155
3.79366450000000022,-0.383839358389852225
3.79766500000000029,-0.388209979235643654
3.81166099999999997,-0.414532388674698771
3.82570250000000023,-0.419002790377732637
3.82971899999999987,-0.423340516435422531
3.83372299999999999,-0.427783505815037823
3.83777999999999997,-0.432237460124020922
3.84174199999999999,-0.436472115845658259
3.84582349999999984,-0.441188131966518571
3.85981549999999984,-0.467156374187011225
3.87365699999999968,-0.471542345933917029
3.87765700000000013,-0.475928317680822832
3.88165699999999969,-0.480314289427728636
3.88766250000000024,-0.489098294343844442
3.8936630000000001,-0.493473301161382882
3.90765750000000001,-0.519788035149880812
3.92166100000000029,-0.524182778840280639
3.92571549999999991,-0.528679496373795743
3.92975399999999997,-0.533039152290219809
3.93374950000000023,-0.537441571431176879
3.93771100000000018,-0.541726665827903853
3.94167049999999985,-0.546124698997113356
3.9556659999999999,-0.572418599619813451
3.96965650000000014,-0.576805667859656146
3.97365700000000022,-0.581191639606561949
3.97765699999999978,-0.585577611353467753
3.98165700000000022,-0.589963583100373556
3.98566299999999973,-0.594362712762519951
3.99966299999999997,-0.620665385328713626
4.01365700000000025,-0.625051357075619873
4.01766000000000023,-0.629443907780146472
4.02166850000000053,-0.633841940949355531
4.0256659999999993,-0.638210368809273731
4.02970649999999964,-0.642702700371042712
4.03370699999999971,-0.64698340879602223
4.04766300000000001,-0.673308011220951075
4.06366199999999989,-0.682068989785394875
4.06965849999999918,-0.686458251011110798
4.07365849999999963,-0.690840933279206482
4.07765700000000031,-0.695226905026112729
4.08166300000000071,-0.699626034688259679
4.09566300000000005,-0.72592870725445291
4.10965899999999973,-0.730319064973105725
4.11366299999999985,-0.73470942269175854
4.11766150000000053,-0.739087718988107656
4.1217024999999996,-0.743571278606381614
4.12578099999999992,-0.748031811872985064
4.13174500000000045,-0.756650246355654921
4.14766550000000045,-0.782945243471291907
4.16165750000000045,-0.787334504697007831
4.16565800000000053,-0.791718283458040406
4.16965699999999995,-0.796104255204945765
4.17366550000000025,-0.800508867331776064
4.17767100000000013,-0.804888260121062071
4.19166249999999962,-0.831192029180192193
4.20565750000000005,-0.835579097420035333
4.20965300000000031,-0.839954104237573773
4.21366200000000024,-0.844370777786707771
4.21771399999999996,-0.848840082996804246
4.22370699999999921,-0.857513342126310363
4.22966599999999993,-0.861908085816710745
4.29766300000000001,-1.00662980256348744
4.3657035000000004,-1.01111994113938275
4.36970400000000048,-1.01540284255023594
4.37365849999999945,-1.01979210377595186
4.37766399999999933,-1.02418684746635114
4.38166299999999964,-1.02856185428388969
4.39565249999999974,-1.0548656233430207
4.4096624999999996,-1.05928558637096537
4.41368300000000069,-1.06368252304723843
4.41771950000000047,-1.06813757384915742
4.42178000000000004,-1.07258714218639395
4.42574000000000023,-1.07682179790803123
4.4396640000000005,-1.10312227748835157
4.45365699999999975,-1.10750824923525792
4.4576570000000002,-1.11189422098216317
4.46165700000000065,-1.11628019272906953
4.46565849999999998,-1.12066945395478545
4.46966399999999986,-1.12506419764518473
4.47366650000000021,-1.12944687991328041
4.48766100000000012,-1.15575393845122121
4.50165199999999999,-1.16012894526875976
4.50767450000000025,-1.16896119587409109
4.51372649999999975,-1.1734008957748967
4.51778250000000003,-1.17785594657681658
4.52174649999999989,-1.18209389177726365
4.53566749999999974,-1.20838450292115418
4.54966649999999984,-1.21279350101973105
4.55366699999999991,-1.21715754290790268
4.55765749999999947,-1.22154461114774482
4.56165799999999955,-1.22593058289465118
4.56565799999999999,-1.23031655464155643
4.57965800000000023,-1.25663238512299125
4.59365799999999957,-1.26101835686989761
4.59765699999999988,-1.26540213563093018
4.60165749999999996,-1.2697913968566461
4.60567349999999998,-1.27420916689871611
4.60971999999999937,-1.27866531419357288
4.62370600000000032,-1.30488026732482831
4.63766449999999963,-1.30927610750816448
4.64166999999999952,-1.31366427224094462
4.64566450000000053,-1.3180359895796725
4.64965950000000028,-1.32242525080538842
4.65166099999999982,-1.32242525080538842
4.65365949999999984,-1.31743854771440216
4.66766050000000021,-1.28748963410441353
4.68365999999999971,-1.27751622792244079
4.68965750000000003,-1.27252453438552826
4.69365349999999992,-1.26754531696343009
4.69765350000000037,-1.26254364253466766
4.70169899999999963,-1.25745089246776653
4.71577599999999997,-1.22741838888852617
4.72973999999999961,-1.22260759901641158
4.73366249999999944,-1.21763087681727633
4.73765750000000008,-1.2126391832803638
4.7416595000000008,-1.20764499452048946
4.74565999999999999,-1.20265704381802263
4.75967649999999942,-1.17267070186359246
4.77367600000000003,-1.16772516995149123
4.77765800000000063,-1.16273472402606037
4.78165800000000019,-1.15774427810063063
4.78565799999999975,-1.15275383217519978
4.78969299999999976,-1.14767605344607482
4.79370899999999978,-1.1427330167569365
4.80772149999999954,-1.11271174168102771
4.82170499999999969,-1.10784106645780844
4.82570500000000013,-1.10273084983016711
4.82970500000000058,-1.09786017460694785
4.83365700000000054,-1.09286972868151699
4.83965700000000076,-1.08288883683065618
4.85765699999999967,-1.0479557153526442
4.87365699999999968,-1.04296526942721335
4.87765749999999976,-1.03797357589030192
4.88165799999999983,-1.03298312996487218
4.8856509999999993,-1.02801015060018042
4.88966999999999974,-1.02295482887771971
4.89367700000000028,-1.01801179218858029
4.90770649999999975,-0.987948098322306123
4.92171150000000068,-0.983066194595754062
4.9256694999999997,-0.97807200583587961
4.92966400000000071,-0.973099026471187956
4.93365700000000018,-0.968108580545758102
4.93765699999999974,-0.963118134620327138
4.95365699999999975,-0.928185013142315163
4.96965750000000028,-0.92319331960540385
4.97365800000000036,-0.918202873679972886
4.97765799999999992,-0.913212427754543032
4.98165749999999985,-0.908223229440593638
4.98566199999999959,-0.903220307400349642
4.98967250000000018,-0.898216137748624077
5.00370999999999988,-0.868193615061234936
5.01778050000000064,-0.863107103051740432
5.02374299999999963,-0.853315848146045997
5.02966250000000059,-0.848336630723947716
5.03365799999999997,-0.843346184798517862
5.0376574999999999,-0.838356986484568467
5.04165699999999983,-0.833366540559138613
5.05566649999999917,-0.803400160388410667
5.06966699999999992,-0.798432171469643959
5.07365949999999977,-0.793437982709769507
5.07765999999999984,-0.788450032007301682
5.08166300000000071,-0.783449605190020715
5.0856735000000004,-0.778442940315333232
5.15571199999999941,-0.608687931715893971
5.2257005000000003,-0.603806027989341909
5.22965999999999998,-0.59880809639502286
5.23366050000000005,-0.593823888526999633
5.23765750000000008,-0.588834690213050238
5.24165750000000052,-0.583842996676138926
5.24566350000000003,-0.57883882702441336
5.25966299999999976,-0.548911122809607299
5.27365700000000004,-0.543920676884177445
5.27765649999999997,-0.538931478570228051
5.28166899999999995,-0.533908594746282827
5.28571349999999995,-0.528839549297526523
5.29170599999999958,-0.518955971142212036
5.30766150000000003,-0.489027019315924516
5.32165800000000022,-0.484031582944568606
5.32565850000000029,-0.479044879853582295
5.32965700000000009,-0.474054433928152497
5.33365700000000054,-0.469063988002721588
5.3376570000000001,-0.46407354207729179
5.35365700000000011,-0.429140420599278705
5.36965250000000083,-0.424161203177180479
5.37365950000000048,-0.419142062187679854
5.37769199999999969,-0.414099216580032348
5.38173149999999989,-0.409062609029791413
5.38578099999999971,-0.403994811192516567
5.3897434999999998,-0.399175288040032272
5.4036660000000003,-0.369255069494114352
5.41765700000000017,-0.364264623568684554
5.42165699999999973,-0.359274177643253645
5.4256574999999998,-0.354282484106342277
5.42965750000000025,-0.349293285792392882
5.43366250000000051,-0.344289116140668428
5.44766249999999985,-0.314360164314380908
5.46165749999999939,-0.30936847077746954
5.46565749999999984,-0.304379272463520145
5.47166750000000057,-0.294372180771550584
5.47771450000000026,-0.289290659207981138
5.48175450000000009,-0.28429148000218174
5.49572150000000015,-0.254439880087738102
5.50967650000000031,-0.249470643557491017
5.51366250000000058,-0.244493921358355848
5.51765750000000033,-0.239502227821444508
5.52165749999999989,-0.234513029507495113
5.52566749999999995,-0.229496383740956461
5.53966750000000019,-0.199579908029483138
5.55373799999999918,-0.194387349044072844
5.55773849999999925,-0.189597768567140862
5.56165350000000025,-0.184618551145042636
5.56565949999999976,-0.179601905378503984
5.56968399999999964,-0.174576526331595705
5.57376200000000033,-0.169426386136550866
5.58774550000000048,-0.139684576032467644
5.60166650000000033,-0.134690387272593248
5.60566249999999933,-0.129713665073458079
5.60965700000000034,-0.124723219148027156
5.6136569999999999,-0.119732773222597344
5.6177014999999999,-0.114631289875325601
5.63170150000000014,-0.084799651744584259
5.64765700000000059,-0.0748187598937235382
5.65376100000000026,-0.0695688107801705341
5.65775550000000038,-0.0648515917691574462
5.66166300000000078,-0.0598187270533610885
5.66568800000000028,-0.0548083193442289868
5.68167949999999955,-0.0199163690451020156
5.69766549999999938,-0.0149196850622645462
5.70166249999999941,-0.00994296286312937316
5.70565700000000042,-0.0049525169376984559
5.70965699999999998,3.79289877313528784e-05
5.71365699999999954,0.00502837491316227014
5.71765749999999962,0.0100200684500736104
5.73165749999999985,0.0399614963911742588
5.74565899999999985,0.0449569327625301968
5.74965700000000002,0.0499373977961099641
5.75366450000000018,0.054956538785611686
5.75766699999999965,0.0599245277043772423
5.76170100000000041,0.0650222682172044014
5.77570549999999994,0.094868877685721914
5.78966750000000019,0.0998605712226332543
5.79366300000000045,0.104838541033251062
5.79565800000000042,0.104838541033251062
5.7976580000000002,0.100452569286345744
5.80170200000000058,0.0959701061610076789
5.80770150000000029,0.0872957505385647398
5.82365700000000075,0.0609799200571299257
5.83765750000000061,0.0565928518172877301
5.8416579999999998,0.0522068800703824124
5.84565950000000001,0.0478176188446654826
5.84965949999999957,0.0434349365765708054
5.85366599999999959,0.0390314209426773639
5.86771599999999971,0.0126234850545573173
5.88170949999999948,0.00834387312251375253
5.88566449999999985,0.0039502259250512534
5.88966250000000002,-0.000423684399551306663
5.89371200000000073,-0.00493027036949683466
5.89771200000000029,-0.00919562789336291105
5.90166400000000024,-0.013596950541382595
5.91566399999999959,-0.0398974301217030342
5.92965900000000001,-0.0442877878403558703
5.93365950000000009,-0.048670470108451519
5.93765799999999988,-0.0530564418553568368
5.94165749999999981,-0.0574413171093262481
5.9456509999999998,-0.0618141309409909537
6.01169400000000032,-0.202272683149776228
6.07775450000000017,-0.20668387423422685
6.08179550000000013,-0.211134539064399301
6.08774050000000067,-0.219721175251904516
6.09365649999999981,-0.224108243491746711
6.09765699999999988,-0.228494215238652015
6.11165699999999923,-0.254810045720086809
6.12566449999999918,-0.259212464861043379
6.12966499999999925,-0.263583085706835307
6.13369799999999987,-0.268056776888679293
6.13769749999999981,-0.272353932707710022
6.14165449999999957,-0.276734421989932866
6.1456634999999995,-0.281145613074382517
6.15972399999999976,-0.307568899863616907
6.17379350000000038,-0.311999827820928444
6.17774149999999977,-0.316226808092008593
6.18166849999999979,-0.320611683345978005
6.1856624999999994,-0.324985593670579609
6.18965700000000041,-0.329371565417485912
6.20365699999999975,-0.355687395898920733
6.21765749999999962,-0.360074464138762929
6.22165799999999969,-0.364460435885669232
6.22573099999999968,-0.369006495601336582
6.22973100000000013,-0.373232379379480839
6.23365949999999991,-0.377621640605196818
6.247668,-0.403952821987745014
6.26371250000000046,-0.4128070024518119
6.26978800000000014,-0.417276307661908374
6.27374700000000018,-0.421489033524811041
6.27766300000000044,-0.425864040342350481
6.28165749999999967,-0.430248915596318893
6.28565700000000049,-0.434634887343225196
6.29965699999999984,-0.460950717824660017
6.3136574999999997,-0.465337786064502212
6.31765850000000029,-0.469724854304344408
6.32165849999999985,-0.474109729558313819
6.32565899999999992,-0.478497894291092907
6.32966050000000013,-0.482884962530936102
6.34368550000000031,-0.509254521166270235
6.35786050000000014,-0.513970537287130602
6.36191050000000047,-0.518136113953754252
6.36573899999999959,-0.522366383703645076
6.36966799999999989,-0.526752355450550436
6.37366299999999963,-0.531127362268088876
6.37765749999999976,-0.535512237522058232
6.39165700000000037,-0.561828068003493053
6.40565750000000023,-0.566215136243335193
6.40966500000000039,-0.570616458891355816
6.41366499999999995,-0.5749870797371468
6.41965749999999957,-0.583757926738022515
6.42565450000000027,-0.588138416020244414
6.43966700000000003,-0.614487141289780769
6.4537135000000001,-0.61894219209170076
6.45790500000000023,-0.62367904157835885
6.46186600000000055,-0.627628609136447357
6.46566750000000035,-0.632015677376289498
6.46966250000000009,-0.636389587700892045
6.47365800000000036,-0.640777752433671077
6.4876579999999997,-0.667091389929232115
6.50166999999999984,-0.67150587049249244
6.50567049999999991,-0.675864429915980613
6.50966099999999948,-0.680256980620506213
6.51366099999999992,-0.68463637340979222
6.51765799999999995,-0.68902234515669758
6.53174199999999949,-0.715522386451502901
6.54575149999999972,-0.719744980750836483
6.54971000000000014,-0.72420332103156615
6.55374750000000006,-0.728599161214902424
6.55771200000000043,-0.73289741352686999
6.56166999999999945,-0.737278999302028781
6.56566250000000018,-0.74165290962663033
6.5796619999999999,-0.767979705037432958
6.59566199999999991,-0.776740683601876758
6.60165849999999921,-0.781129944827592682
6.60565899999999928,-0.785513723588625257
6.60965799999999959,-0.789899695335531504
6.61365800000000004,-0.794285667082436864
6.62765749999999976,-0.820600401070934793
6.64166649999999947,-0.825007206183638875
6.64570650000000018,-0.829460063999685082
6.64970450000000035,-0.833774763705702915
6.65374699999999919,-0.838325209393117832
6.65775200000000034,-0.84255767212888244
6.67166899999999963,-0.868844993793962295
6.68569849999999999,-0.873324167440489685
6.6897044999999995,-0.877630095203014493
6.69366299999999992,-0.882005102020552934
6.69765800000000056,-0.886391073767459181
6.70165800000000011,-0.890777045514364541
6.71770699999999987,-0.921586304050504235
6.73370749999999951,-0.925865915982547749
6.73766849999999984,-0.930272721095250832
6.7417094999999998,-0.934727771897170823
6.74574449999999981,-0.939121419094633314
6.74979199999999935,-0.943603882219971379
6.75574649999999988,-0.952179553478108787
6.77166200000000007,-0.978506348888911415
6.78567650000000011,-0.982913154001614497
6.78967199999999949,-0.987268423946291995
6.79365800000000064,-0.991654395693198243
6.7976580000000002,-0.996040367440103602
6.80165799999999976,-1.00042633918700985
6.8716664999999999,-1.14956801896173122
6.94171200000000077,-1.15403513118595491
6.94575150000000008,-1.15842658539754373
6.94970550000000031,-1.16270619732958735
6.95366250000000008,-1.1671042304987973
6.95766249999999964,-1.17147814082339896
6.96174099999999996,-1.17604832338367471
6.9757409999999993,-1.20217994305173903
6.98965749999999986,-1.20656701129158228
6.99365799999999993,-1.21095298303848753
6.9976585,-1.21534005127833078
7.00165849999999956,-1.21972492653229914
7.00565800000000038,-1.22411089827920549
7.01973950000000002,-1.25060545710932636
7.03374800000000011,-1.2548313408874705
7.03770600000000002,-1.2592852951964526
7.0437770000000004,-1.26814495812520289
7.04974250000000069,-1.27236755242453659
7.05367500000000014,-1.27676887507255632
7.06971099999999986,-1.30753427389122678
7.08569899999999997,-1.31183033321732156
7.08965800000000002,-1.31621630496422681
7.09365799999999957,-1.32060227671113317
7.09765800000000002,-1.32498824845803842
7.10166949999999986,-1.32939943954248907
7.10566949999999942,-1.33376019195185003
7.11966400000000021,-1.36008918034852555
7.13367850000000026,-1.36449379247535596
7.13767900000000033,-1.36886222033527405
7.14173849999999977,-1.3733962186286377
7.14573700000000045,-1.37763087435027609
7.14966800000000013,-1.38201684609718134
7.16370850000000026,-1.40842149250649085
7.1777084999999996,-1.41271864832552252
7.18166450000000012,-1.41709694462187064
7.18565949999999987,-1.42147962688996632
7.18965799999999966,-1.42586559863687268
7.19365800000000011,-1.43025157038377793
7.20770100000000014,-1.45666169925777167
7.22370850000000075,-1.46535579175307551
7.22967599999999955,-1.46974834245760122
7.23371049999999993,-1.4742033932595211
7.23777600000000021,-1.47866392652612455
